
-- Populate the database with some boilerplate data
-- level
INSERT INTO level (id, name) VALUES ('F', 'Federal');
INSERT INTO level (id, name) VALUES ('S', 'State');
INSERT INTO level (id, name) VALUES ('C', 'County');
INSERT INTO level (id, name) VALUES ('M', 'Municipal');
INSERT INTO level (id, name) VALUES ('L', 'Local');

INSERT INTO state VALUES ('AL', 'Alabama');
INSERT INTO state VALUES ('AK', 'Alaska');
INSERT INTO state VALUES ('AZ', 'Arizona');
INSERT INTO state VALUES ('AR', 'Arkansas');
INSERT INTO state VALUES ('CA', 'California');
INSERT INTO state VALUES ('CO', 'Colorado');
INSERT INTO state VALUES ('CT', 'Connecticut');
INSERT INTO state VALUES ('DE', 'Delaware');
INSERT INTO state VALUES ('FL', 'Florida');
INSERT INTO state VALUES ('GA', 'Georgia');
INSERT INTO state VALUES ('HI', 'Hawaii');
INSERT INTO state VALUES ('ID', 'Idaho');
INSERT INTO state VALUES ('IL', 'Illinois');
INSERT INTO state VALUES ('IN', 'Indiana');
INSERT INTO state VALUES ('IA', 'Iowa');
INSERT INTO state VALUES ('KS', 'Kansas');
INSERT INTO state VALUES ('KY', 'Kentucky');
INSERT INTO state VALUES ('LA', 'Louisiana');
INSERT INTO state VALUES ('ME', 'Maine');
INSERT INTO state VALUES ('MD', 'Maryland');
INSERT INTO state VALUES ('MA', 'Massachusetts');
INSERT INTO state VALUES ('MI', 'Michigan');
INSERT INTO state VALUES ('MN', 'Minnesota');
INSERT INTO state VALUES ('MS', 'Mississippi');
INSERT INTO state VALUES ('MO', 'Missouri');
INSERT INTO state VALUES ('MT', 'Montana');
INSERT INTO state VALUES ('NE', 'Nebraska');
INSERT INTO state VALUES ('NV', 'Nevada');
INSERT INTO state VALUES ('NH', 'New Hampshire');
INSERT INTO state VALUES ('NJ', 'New Jersey');
INSERT INTO state VALUES ('NM', 'New Mexico');
INSERT INTO state VALUES ('NY', 'New York');
INSERT INTO state VALUES ('NC', 'North Carolina');
INSERT INTO state VALUES ('ND', 'North Dakota');
INSERT INTO state VALUES ('OH', 'Ohio');
INSERT INTO state VALUES ('OK', 'Oklahoma');
INSERT INTO state VALUES ('OR', 'Oregon');
INSERT INTO state VALUES ('PA', 'Pennsylvania');
INSERT INTO state VALUES ('RI', 'Rhode Island');
INSERT INTO state VALUES ('SC', 'South Carolina');
INSERT INTO state VALUES ('SD', 'South Dakota');
INSERT INTO state VALUES ('TN', 'Tennessee');
INSERT INTO state VALUES ('TX', 'Texas');
INSERT INTO state VALUES ('UT', 'Utah');
INSERT INTO state VALUES ('VT', 'Vermont');
INSERT INTO state VALUES ('VA', 'Virginia');
INSERT INTO state VALUES ('WA', 'Washington');
INSERT INTO state VALUES ('WV', 'West Virginia');
INSERT INTO state VALUES ('WI', 'Wisconsin');
INSERT INTO state VALUES ('WY', 'Wyoming');
INSERT INTO state VALUES ('AS', 'American Samoa');
INSERT INTO state VALUES ('DC', 'District of Columbia');
INSERT INTO state VALUES ('FM', 'Federated States of Micronesia');
INSERT INTO state VALUES ('GU', 'Guam');
INSERT INTO state VALUES ('MH', 'Marshall Islands');
INSERT INTO state VALUES ('MP', 'Northern Mariana Islands');
INSERT INTO state VALUES ('PW', 'Palau');
INSERT INTO state VALUES ('PR', 'Puerto Rico');
INSERT INTO state VALUES ('VI', 'Virgin Islands');


-- Insert Elections Divisions
INSERT INTO election_div (id, name, phys_addr_addr1, phys_addr_addr2, phys_addr_city, phys_addr_state, phys_addr_zip, mail_addr_addr1, mail_addr_addr2, mail_addr_city, mail_addr_zip,phone,fax,website,notes) VALUES (0,'State of Oregon','','','','OR', '','','','','','','','','');
INSERT INTO election_div (id, name, phys_addr_addr1, phys_addr_addr2, phys_addr_city, phys_addr_state, phys_addr_zip, mail_addr_addr1, mail_addr_addr2, mail_addr_city, mail_addr_zip,phone,fax,website,notes) VALUES (1,'Baker County','1995 Third Street','Suite 150','Baker City','OR', '97814','','','','','5415238207','5415238240','http://www.bakercounty.org/clerks/elections.html','');
INSERT INTO election_div (id, name, phys_addr_addr1, phys_addr_addr2, phys_addr_city, phys_addr_state, phys_addr_zip, mail_addr_addr1, mail_addr_addr2, mail_addr_city, mail_addr_zip,phone,fax,website,notes) VALUES (2,'Benton County','120 NW 4th Street','Room 13','Corvallis','OR', '97330','','','','','5417666756','5417666757','http://www.co.benton.or.us/elections/','');
INSERT INTO election_div (id, name, phys_addr_addr1, phys_addr_addr2, phys_addr_city, phys_addr_state, phys_addr_zip, mail_addr_addr1, mail_addr_addr2, mail_addr_city, mail_addr_zip,phone,fax,website,notes) VALUES (3,'Clackamas County','1710 Red Soils Court','Suite 100','Oregon City','OR', '97045','','','','','5036558510','5036558461','http://www.clackamas.us/elections/','');
INSERT INTO election_div (id, name, phys_addr_addr1, phys_addr_addr2, phys_addr_city, phys_addr_state, phys_addr_zip, mail_addr_addr1, mail_addr_addr2, mail_addr_city, mail_addr_zip,phone,fax,website,notes) VALUES (4,'Clatsop County','820 Exchange Street','Suite 220','Astoria','OR', '97103','','','','','5033258511','5033259307','http://www.co.clatsop.or.us/page/8?deptid=2','');
INSERT INTO election_div (id, name, phys_addr_addr1, phys_addr_addr2, phys_addr_city, phys_addr_state, phys_addr_zip, mail_addr_addr1, mail_addr_addr2, mail_addr_city, mail_addr_zip,phone,fax,website,notes) VALUES (5,'Columbia County','230 Strand Street','','St. Helens','OR', '97051','','','','','5033977214','','http://www.co.columbia.or.us/departments/elections-department/elections-home','');
INSERT INTO election_div (id, name, phys_addr_addr1, phys_addr_addr2, phys_addr_city, phys_addr_state, phys_addr_zip, mail_addr_addr1, mail_addr_addr2, mail_addr_city, mail_addr_zip,phone,fax,website,notes) VALUES (6,'Coos County','250 N. Baxter Street','','Coquille','OR', '97423','','','','','5413967610','5413961013','http://www.co.coos.or.us/Departments/CountyClerk/Elections.aspx','');
INSERT INTO election_div (id, name, phys_addr_addr1, phys_addr_addr2, phys_addr_city, phys_addr_state, phys_addr_zip, mail_addr_addr1, mail_addr_addr2, mail_addr_city, mail_addr_zip,phone,fax,website,notes) VALUES (7,'Crook County','300 NE 3rd St','Rm 23','Prineville','OR', '97754','','','','','5414476553','5414162145','http://co.crook.or.us/Departments/Clerk/ElectionInformation/ElectionInformation/tabid/2275/Default.aspx','');
INSERT INTO election_div (id, name, phys_addr_addr1, phys_addr_addr2, phys_addr_city, phys_addr_state, phys_addr_zip, mail_addr_addr1, mail_addr_addr2, mail_addr_city, mail_addr_zip,phone,fax,website,notes) VALUES (8,'Curry County','29821 Ellensburg Ave','','Gold Beach','OR', '97444','','','','','5412473297','','http://www.co.curry.or.us/Departments/Elections','');
INSERT INTO election_div (id, name, phys_addr_addr1, phys_addr_addr2, phys_addr_city, phys_addr_state, phys_addr_zip, mail_addr_addr1, mail_addr_addr2, mail_addr_city, mail_addr_zip,phone,fax,website,notes) VALUES (9,'Deschutes County','','','','OR', '','','','','','','','','');
INSERT INTO election_div (id, name, phys_addr_addr1, phys_addr_addr2, phys_addr_city, phys_addr_state, phys_addr_zip, mail_addr_addr1, mail_addr_addr2, mail_addr_city, mail_addr_zip,phone,fax,website,notes) VALUES (10,'Douglas County','','','','OR', '','','','','','','','','');
INSERT INTO election_div (id, name, phys_addr_addr1, phys_addr_addr2, phys_addr_city, phys_addr_state, phys_addr_zip, mail_addr_addr1, mail_addr_addr2, mail_addr_city, mail_addr_zip,phone,fax,website,notes) VALUES (11,'Gilliam County','','','','OR', '','','','','','','','','');
INSERT INTO election_div (id, name, phys_addr_addr1, phys_addr_addr2, phys_addr_city, phys_addr_state, phys_addr_zip, mail_addr_addr1, mail_addr_addr2, mail_addr_city, mail_addr_zip,phone,fax,website,notes) VALUES (12,'Grant County','','','','OR', '','','','','','','','','');
INSERT INTO election_div (id, name, phys_addr_addr1, phys_addr_addr2, phys_addr_city, phys_addr_state, phys_addr_zip, mail_addr_addr1, mail_addr_addr2, mail_addr_city, mail_addr_zip,phone,fax,website,notes) VALUES (13,'Harney County','','','','OR', '','','','','','','','','');
INSERT INTO election_div (id, name, phys_addr_addr1, phys_addr_addr2, phys_addr_city, phys_addr_state, phys_addr_zip, mail_addr_addr1, mail_addr_addr2, mail_addr_city, mail_addr_zip,phone,fax,website,notes) VALUES (14,'Hood River County','','','','OR', '','','','','','','','','');
INSERT INTO election_div (id, name, phys_addr_addr1, phys_addr_addr2, phys_addr_city, phys_addr_state, phys_addr_zip, mail_addr_addr1, mail_addr_addr2, mail_addr_city, mail_addr_zip,phone,fax,website,notes) VALUES (15,'Jackson County','','','','OR', '','','','','','','','','');
INSERT INTO election_div (id, name, phys_addr_addr1, phys_addr_addr2, phys_addr_city, phys_addr_state, phys_addr_zip, mail_addr_addr1, mail_addr_addr2, mail_addr_city, mail_addr_zip,phone,fax,website,notes) VALUES (16,'Jefferson County','','','','OR', '','','','','','','','','');
INSERT INTO election_div (id, name, phys_addr_addr1, phys_addr_addr2, phys_addr_city, phys_addr_state, phys_addr_zip, mail_addr_addr1, mail_addr_addr2, mail_addr_city, mail_addr_zip,phone,fax,website,notes) VALUES (17,'Josephine County','','','','OR', '','','','','','','','','');
INSERT INTO election_div (id, name, phys_addr_addr1, phys_addr_addr2, phys_addr_city, phys_addr_state, phys_addr_zip, mail_addr_addr1, mail_addr_addr2, mail_addr_city, mail_addr_zip,phone,fax,website,notes) VALUES (18,'Klamath County','','','','OR', '','','','','','','','','');
INSERT INTO election_div (id, name, phys_addr_addr1, phys_addr_addr2, phys_addr_city, phys_addr_state, phys_addr_zip, mail_addr_addr1, mail_addr_addr2, mail_addr_city, mail_addr_zip,phone,fax,website,notes) VALUES (19,'Lake County','','','','OR', '','','','','','','','','');
INSERT INTO election_div (id, name, phys_addr_addr1, phys_addr_addr2, phys_addr_city, phys_addr_state, phys_addr_zip, mail_addr_addr1, mail_addr_addr2, mail_addr_city, mail_addr_zip,phone,fax,website,notes) VALUES (20,'Lane County','','','','OR', '','','','','','','','','');
INSERT INTO election_div (id, name, phys_addr_addr1, phys_addr_addr2, phys_addr_city, phys_addr_state, phys_addr_zip, mail_addr_addr1, mail_addr_addr2, mail_addr_city, mail_addr_zip,phone,fax,website,notes) VALUES (21,'Lincoln County','','','','OR', '','','','','','','','','');
INSERT INTO election_div (id, name, phys_addr_addr1, phys_addr_addr2, phys_addr_city, phys_addr_state, phys_addr_zip, mail_addr_addr1, mail_addr_addr2, mail_addr_city, mail_addr_zip,phone,fax,website,notes) VALUES (22,'Linn County','','','','OR', '','','','','','','','','');
INSERT INTO election_div (id, name, phys_addr_addr1, phys_addr_addr2, phys_addr_city, phys_addr_state, phys_addr_zip, mail_addr_addr1, mail_addr_addr2, mail_addr_city, mail_addr_zip,phone,fax,website,notes) VALUES (23,'Malheur County','','','','OR', '','','','','','','','','');
INSERT INTO election_div (id, name, phys_addr_addr1, phys_addr_addr2, phys_addr_city, phys_addr_state, phys_addr_zip, mail_addr_addr1, mail_addr_addr2, mail_addr_city, mail_addr_zip,phone,fax,website,notes) VALUES (24,'Marion County','','','','OR', '','','','','','','','','');
INSERT INTO election_div (id, name, phys_addr_addr1, phys_addr_addr2, phys_addr_city, phys_addr_state, phys_addr_zip, mail_addr_addr1, mail_addr_addr2, mail_addr_city, mail_addr_zip,phone,fax,website,notes) VALUES (25,'Morrow County','','','','OR', '','','','','','','','','');
INSERT INTO election_div (id, name, phys_addr_addr1, phys_addr_addr2, phys_addr_city, phys_addr_state, phys_addr_zip, mail_addr_addr1, mail_addr_addr2, mail_addr_city, mail_addr_zip,phone,fax,website,notes) VALUES (26,'Multnomah County','1040 SE Morrison St','','Portland','OR', '97214','','','','','5039883720','5039883719','https://multco.us/elections','');
INSERT INTO election_div (id, name, phys_addr_addr1, phys_addr_addr2, phys_addr_city, phys_addr_state, phys_addr_zip, mail_addr_addr1, mail_addr_addr2, mail_addr_city, mail_addr_zip,phone,fax,website,notes) VALUES (27,'Polk County','','','','OR', '','','','','','','','','');
INSERT INTO election_div (id, name, phys_addr_addr1, phys_addr_addr2, phys_addr_city, phys_addr_state, phys_addr_zip, mail_addr_addr1, mail_addr_addr2, mail_addr_city, mail_addr_zip,phone,fax,website,notes) VALUES (28,'Sherman County','','','','OR', '','','','','','','','','');
INSERT INTO election_div (id, name, phys_addr_addr1, phys_addr_addr2, phys_addr_city, phys_addr_state, phys_addr_zip, mail_addr_addr1, mail_addr_addr2, mail_addr_city, mail_addr_zip,phone,fax,website,notes) VALUES (29,'Tillamook County','','','','OR', '','','','','','','','','');
INSERT INTO election_div (id, name, phys_addr_addr1, phys_addr_addr2, phys_addr_city, phys_addr_state, phys_addr_zip, mail_addr_addr1, mail_addr_addr2, mail_addr_city, mail_addr_zip,phone,fax,website,notes) VALUES (30,'Umatilla County','','','','OR', '','','','','','','','','');
INSERT INTO election_div (id, name, phys_addr_addr1, phys_addr_addr2, phys_addr_city, phys_addr_state, phys_addr_zip, mail_addr_addr1, mail_addr_addr2, mail_addr_city, mail_addr_zip,phone,fax,website,notes) VALUES (31,'Union County','','','','OR', '','','','','','','','','');
INSERT INTO election_div (id, name, phys_addr_addr1, phys_addr_addr2, phys_addr_city, phys_addr_state, phys_addr_zip, mail_addr_addr1, mail_addr_addr2, mail_addr_city, mail_addr_zip,phone,fax,website,notes) VALUES (32,'Wallowa County','','','','OR', '','','','','','','','','');
INSERT INTO election_div (id, name, phys_addr_addr1, phys_addr_addr2, phys_addr_city, phys_addr_state, phys_addr_zip, mail_addr_addr1, mail_addr_addr2, mail_addr_city, mail_addr_zip,phone,fax,website,notes) VALUES (33,'Wasco County','','','','OR', '','','','','','','','','');
INSERT INTO election_div (id, name, phys_addr_addr1, phys_addr_addr2, phys_addr_city, phys_addr_state, phys_addr_zip, mail_addr_addr1, mail_addr_addr2, mail_addr_city, mail_addr_zip,phone,fax,website,notes) VALUES (34,'Washington County','3700 SW Murray Blvd','Suite 101','Beaverton','OR', '97005','','','','','5038465800','5038465810','http://www.co.washington.or.us/elections/','');
INSERT INTO election_div (id, name, phys_addr_addr1, phys_addr_addr2, phys_addr_city, phys_addr_state, phys_addr_zip, mail_addr_addr1, mail_addr_addr2, mail_addr_city, mail_addr_zip,phone,fax,website,notes) VALUES (35,'Wheeler County','','','','OR', '','','','','','','','','');
INSERT INTO election_div (id, name, phys_addr_addr1, phys_addr_addr2, phys_addr_city, phys_addr_state, phys_addr_zip, mail_addr_addr1, mail_addr_addr2, mail_addr_city, mail_addr_zip,phone,fax,website,notes) VALUES (36,'Yamhill County','','','','OR', '','','','','','','','','');
INSERT INTO election_div (id, name, phys_addr_addr1, phys_addr_addr2, phys_addr_city, phys_addr_state, phys_addr_zip, mail_addr_addr1, mail_addr_addr2, mail_addr_city, mail_addr_zip,phone,fax,website,notes) VALUES (37,'City of Portland','','','','OR', '','','','','','','','','');

    
INSERT INTO district (level_id, state, name, election_div_id) VALUES ('M', 'OR', 'City of Portland',26);
INSERT INTO district (level_id, state, name, election_div_id) VALUES ('M', 'OR', 'City of Eugene',20);
INSERT INTO district (level_id, state, name, election_div_id) VALUES ('M', 'OR', 'City of Salem',24);
INSERT INTO district (level_id, state, name, election_div_id) VALUES ('M', 'OR', 'City of Gresham',26);
INSERT INTO district (level_id, state, name, election_div_id) VALUES ('M', 'OR', 'City of Hillsboro',34);
INSERT INTO district (level_id, state, name, election_div_id) VALUES ('M', 'OR', 'City of Beaverton',34);
INSERT INTO district (level_id, state, name, election_div_id) VALUES ('M', 'OR', 'City of Bend',9);
INSERT INTO district (level_id, state, name, election_div_id) VALUES ('M', 'OR', 'City of Medford',15);
INSERT INTO district (level_id, state, name, election_div_id) VALUES ('M', 'OR', 'City of Springfield',20);
INSERT INTO district (level_id, state, name, election_div_id) VALUES ('M', 'OR', 'City of Corvallis',2);
INSERT INTO district (level_id, state, name, election_div_id) VALUES ('M', 'OR', 'City of Albany',22);
INSERT INTO district (level_id, state, name, election_div_id) VALUES ('M', 'OR', 'City of Tigard',34);
INSERT INTO district (level_id, state, name, election_div_id) VALUES ('M', 'OR', 'City of Lake Oswego',3);
INSERT INTO district (level_id, state, name, election_div_id) VALUES ('M', 'OR', 'City of Keizer',24);
INSERT INTO district (level_id, state, name, election_div_id) VALUES ('M', 'OR', 'City of Grants Pass',17);
INSERT INTO district (level_id, state, name, election_div_id) VALUES ('M', 'OR', 'City of McMinnville',36);
INSERT INTO district (level_id, state, name, election_div_id) VALUES ('M', 'OR', 'City of Oregon City',3);
INSERT INTO district (level_id, state, name, election_div_id) VALUES ('M', 'OR', 'City of Redmond',9);
INSERT INTO district (level_id, state, name, election_div_id) VALUES ('M', 'OR', 'City of Tualatin',34);
INSERT INTO district (level_id, state, name, election_div_id) VALUES ('M', 'OR', 'City of West Linn',3);
INSERT INTO district (level_id, state, name, election_div_id) VALUES ('M', 'OR', 'City of Woodburn',24);
INSERT INTO district (level_id, state, name, election_div_id) VALUES ('M', 'OR', 'City of Newberg',36);
INSERT INTO district (level_id, state, name, election_div_id) VALUES ('M', 'OR', 'City of Roseburg',10);
INSERT INTO district (level_id, state, name, election_div_id) VALUES ('M', 'OR', 'City of Forest Grove',34);
INSERT INTO district (level_id, state, name, election_div_id) VALUES ('M', 'OR', 'City of Klamath Falls',18);
INSERT INTO district (level_id, state, name, election_div_id) VALUES ('M', 'OR', 'City of Milwaukie',3);
INSERT INTO district (level_id, state, name, election_div_id) VALUES ('M', 'OR', 'City of Ashland',15);
INSERT INTO district (level_id, state, name, election_div_id) VALUES ('M', 'OR', 'City of Wilsonville',3);
INSERT INTO district (level_id, state, name, election_div_id) VALUES ('M', 'OR', 'City of Sherwood',34);
INSERT INTO district (level_id, state, name, election_div_id) VALUES ('M', 'OR', 'City of Central Point',15);
INSERT INTO district (level_id, state, name, election_div_id) VALUES ('M', 'OR', 'City of Hermiston',30);
INSERT INTO district (level_id, state, name, election_div_id) VALUES ('M', 'OR', 'City of Pendleton',30);
INSERT INTO district (level_id, state, name, election_div_id) VALUES ('M', 'OR', 'City of Coos Bay',6);
INSERT INTO district (level_id, state, name, election_div_id) VALUES ('M', 'OR', 'City of Troutdale',26);
INSERT INTO district (level_id, state, name, election_div_id) VALUES ('M', 'OR', 'City of Canby',3);
INSERT INTO district (level_id, state, name, election_div_id) VALUES ('M', 'OR', 'City of Lebanon',22);
INSERT INTO district (level_id, state, name, election_div_id) VALUES ('M', 'OR', 'City of Dallas',27);
INSERT INTO district (level_id, state, name, election_div_id) VALUES ('M', 'OR', 'City of The Dalles',33);
INSERT INTO district (level_id, state, name, election_div_id) VALUES ('M', 'OR', 'City of Happy Valley',3);
INSERT INTO district (level_id, state, name, election_div_id) VALUES ('M', 'OR', 'City of La Grande',31);
INSERT INTO district (level_id, state, name, election_div_id) VALUES ('M', 'OR', 'City of St. Helens',5);
INSERT INTO district (level_id, state, name, election_div_id) VALUES ('M', 'OR', 'City of Cornelius',34);
INSERT INTO district (level_id, state, name, election_div_id) VALUES ('M', 'OR', 'City of Gladstone',3);
INSERT INTO district (level_id, state, name, election_div_id) VALUES ('M', 'OR', 'City of Ontario',23);
INSERT INTO district (level_id, state, name, election_div_id) VALUES ('M', 'OR', 'City of Damascus',3);
INSERT INTO district (level_id, state, name, election_div_id) VALUES ('M', 'OR', 'City of Newport',21);
INSERT INTO district (level_id, state, name, election_div_id) VALUES ('M', 'OR', 'City of Baker City',1);
INSERT INTO district (level_id, state, name, election_div_id) VALUES ('M', 'OR', 'City of Sandy',3);
INSERT INTO district (level_id, state, name, election_div_id) VALUES ('M', 'OR', 'City of Cottage Grove',20);
INSERT INTO district (level_id, state, name, election_div_id) VALUES ('M', 'OR', 'City of Monmouth',27);
INSERT INTO district (level_id, state, name, election_div_id) VALUES ('M', 'OR', 'City of North Bend',6);
INSERT INTO district (level_id, state, name, election_div_id) VALUES ('M', 'OR', 'City of Astoria',4);
INSERT INTO district (level_id, state, name, election_div_id) VALUES ('M', 'OR', 'City of Silverton',24);
INSERT INTO district (level_id, state, name, election_div_id) VALUES ('M', 'OR', 'City of Prineville',7);
INSERT INTO district (level_id, state, name, election_div_id) VALUES ('M', 'OR', 'City of Sweet Home',22);
INSERT INTO district (level_id, state, name, election_div_id) VALUES ('M', 'OR', 'City of Fairview',26);
INSERT INTO district (level_id, state, name, election_div_id) VALUES ('M', 'OR', 'City of Independence',27);
INSERT INTO district (level_id, state, name, election_div_id) VALUES ('M', 'OR', 'City of Eagle Point',15);
INSERT INTO district (level_id, state, name, election_div_id) VALUES ('M', 'OR', 'City of Florence',20);
INSERT INTO district (level_id, state, name, election_div_id) VALUES ('M', 'OR', 'City of Molalla',3);
INSERT INTO district (level_id, state, name, election_div_id) VALUES ('M', 'OR', 'City of Lincoln City',21);
INSERT INTO district (level_id, state, name, election_div_id) VALUES ('M', 'OR', 'City of Sutherlin',10);
INSERT INTO district (level_id, state, name, election_div_id) VALUES ('M', 'OR', 'City of Stayton',24);
INSERT INTO district (level_id, state, name, election_div_id) VALUES ('M', 'OR', 'City of Hood River',14);
INSERT INTO district (level_id, state, name, election_div_id) VALUES ('M', 'OR', 'City of Milton-Freewater',30);
INSERT INTO district (level_id, state, name, election_div_id) VALUES ('M', 'OR', 'City of Umatilla',30);
INSERT INTO district (level_id, state, name, election_div_id) VALUES ('M', 'OR', 'City of Scappoose',5);
INSERT INTO district (level_id, state, name, election_div_id) VALUES ('M', 'OR', 'City of Seaside',4);
INSERT INTO district (level_id, state, name, election_div_id) VALUES ('M', 'OR', 'City of Brookings',8);
INSERT INTO district (level_id, state, name, election_div_id) VALUES ('M', 'OR', 'City of Madras',16);
INSERT INTO district (level_id, state, name, election_div_id) VALUES ('M', 'OR', 'City of Sheridan',36);
INSERT INTO district (level_id, state, name, election_div_id) VALUES ('M', 'OR', 'City of Talent',15);
INSERT INTO district (level_id, state, name, election_div_id) VALUES ('M', 'OR', 'City of Junction City',20);
INSERT INTO district (level_id, state, name, election_div_id) VALUES ('M', 'OR', 'City of Winston',10);
INSERT INTO district (level_id, state, name, election_div_id) VALUES ('M', 'OR', 'City of Warrenton',4);
INSERT INTO district (level_id, state, name, election_div_id) VALUES ('M', 'OR', 'City of Creswell',20);
INSERT INTO district (level_id, state, name, election_div_id) VALUES ('M', 'OR', 'City of Tillamook',29);
INSERT INTO district (level_id, state, name, election_div_id) VALUES ('M', 'OR', 'City of Philomath',2);
INSERT INTO district (level_id, state, name, election_div_id) VALUES ('M', 'OR', 'City of Veneta',20);
INSERT INTO district (level_id, state, name, election_div_id) VALUES ('M', 'OR', 'City of Phoenix',15);
INSERT INTO district (level_id, state, name, election_div_id) VALUES ('M', 'OR', 'City of Reedsport',10);
INSERT INTO district (level_id, state, name, election_div_id) VALUES ('M', 'OR', 'City of Wood Village',26);
INSERT INTO district (level_id, state, name, election_div_id) VALUES ('M', 'OR', 'City of Coquille',6);
INSERT INTO district (level_id, state, name, election_div_id) VALUES ('M', 'OR', 'City of Lafayette',36);
INSERT INTO district (level_id, state, name, election_div_id) VALUES ('M', 'OR', 'City of Aumsville',24);
INSERT INTO district (level_id, state, name, election_div_id) VALUES ('M', 'OR', 'City of Harrisburg',22);
INSERT INTO district (level_id, state, name, election_div_id) VALUES ('M', 'OR', 'City of Toledo',21);
INSERT INTO district (level_id, state, name, election_div_id) VALUES ('M', 'OR', 'City of Myrtle Creek',10);
INSERT INTO district (level_id, state, name, election_div_id) VALUES ('M', 'OR', 'City of Mt. Angel',24);
INSERT INTO district (level_id, state, name, election_div_id) VALUES ('M', 'OR', 'City of Nyssa',23);
INSERT INTO district (level_id, state, name, election_div_id) VALUES ('M', 'OR', 'City of Boardman',25);
INSERT INTO district (level_id, state, name, election_div_id) VALUES ('M', 'OR', 'City of Oakridge',20);
INSERT INTO district (level_id, state, name, election_div_id) VALUES ('M', 'OR', 'City of Hubbard',24);
INSERT INTO district (level_id, state, name, election_div_id) VALUES ('M', 'OR', 'City of Dundee',36);
INSERT INTO district (level_id, state, name, election_div_id) VALUES ('M', 'OR', 'City of King City',34);
INSERT INTO district (level_id, state, name, election_div_id) VALUES ('M', 'OR', 'City of Jefferson',24);
INSERT INTO district (level_id, state, name, election_div_id) VALUES ('M', 'OR', 'City of Bandon',6);
INSERT INTO district (level_id, state, name, election_div_id) VALUES ('M', 'OR', 'City of Shady Cove',15);
INSERT INTO district (level_id, state, name, election_div_id) VALUES ('M', 'OR', 'City of Estacada',3);
INSERT INTO district (level_id, state, name, election_div_id) VALUES ('M', 'OR', 'City of Burns',13);
INSERT INTO district (level_id, state, name, election_div_id) VALUES ('M', 'OR', 'City of Jacksonville',15);
INSERT INTO district (level_id, state, name, election_div_id) VALUES ('M', 'OR', 'City of Sublimity',24);
INSERT INTO district (level_id, state, name, election_div_id) VALUES ('M', 'OR', 'City of Dayton',36);
INSERT INTO district (level_id, state, name, election_div_id) VALUES ('M', 'OR', 'City of Gervais',24);
INSERT INTO district (level_id, state, name, election_div_id) VALUES ('M', 'OR', 'City of Myrtle Point',6);
INSERT INTO district (level_id, state, name, election_div_id) VALUES ('M', 'OR', 'City of Lakeview',19);
INSERT INTO district (level_id, state, name, election_div_id) VALUES ('M', 'OR', 'City of Gold Beach',8);
INSERT INTO district (level_id, state, name, election_div_id) VALUES ('M', 'OR', 'City of Rogue River',15);
INSERT INTO district (level_id, state, name, election_div_id) VALUES ('M', 'OR', 'City of Union',31);
INSERT INTO district (level_id, state, name, election_div_id) VALUES ('M', 'OR', 'City of Vernonia',5);
INSERT INTO district (level_id, state, name, election_div_id) VALUES ('M', 'OR', 'City of Stanfield',30);
INSERT INTO district (level_id, state, name, election_div_id) VALUES ('M', 'OR', 'City of Sisters',9);
INSERT INTO district (level_id, state, name, election_div_id) VALUES ('M', 'OR', 'City of Waldport',21);
INSERT INTO district (level_id, state, name, election_div_id) VALUES ('M', 'OR', 'City of Carlton',36);
INSERT INTO district (level_id, state, name, election_div_id) VALUES ('M', 'OR', 'City of Willamina',36);
INSERT INTO district (level_id, state, name, election_div_id) VALUES ('M', 'OR', 'City of North Plains',34);
INSERT INTO district (level_id, state, name, election_div_id) VALUES ('M', 'OR', 'City of Columbia City',5);
INSERT INTO district (level_id, state, name, election_div_id) VALUES ('M', 'OR', 'City of Enterprise',32);
INSERT INTO district (level_id, state, name, election_div_id) VALUES ('M', 'OR', 'City of Rainier',5);
INSERT INTO district (level_id, state, name, election_div_id) VALUES ('M', 'OR', 'City of Canyonville',10);
INSERT INTO district (level_id, state, name, election_div_id) VALUES ('M', 'OR', 'City of Cave Junction',17);
INSERT INTO district (level_id, state, name, election_div_id) VALUES ('M', 'OR', 'City of Vale',23);
INSERT INTO district (level_id, state, name, election_div_id) VALUES ('M', 'OR', 'City of Mill City',22);
INSERT INTO district (level_id, state, name, election_div_id) VALUES ('M', 'OR', 'City of Turner',24);
INSERT INTO district (level_id, state, name, election_div_id) VALUES ('M', 'OR', 'City of Irrigon',25);
INSERT INTO district (level_id, state, name, election_div_id) VALUES ('M', 'OR', 'City of Banks',34);
INSERT INTO district (level_id, state, name, election_div_id) VALUES ('M', 'OR', 'City of John Day',12);
INSERT INTO district (level_id, state, name, election_div_id) VALUES ('M', 'OR', 'City of Clatskanie',5);
INSERT INTO district (level_id, state, name, election_div_id) VALUES ('M', 'OR', 'City of Elgin',31);
INSERT INTO district (level_id, state, name, election_div_id) VALUES ('M', 'OR', 'City of Cannon Beach',4);
INSERT INTO district (level_id, state, name, election_div_id) VALUES ('M', 'OR', 'City of Lakeside',6);
INSERT INTO district (level_id, state, name, election_div_id) VALUES ('M', 'OR', 'City of Brownsville',22);
INSERT INTO district (level_id, state, name, election_div_id) VALUES ('M', 'OR', 'City of La Pine',9);
INSERT INTO district (level_id, state, name, election_div_id) VALUES ('M', 'OR', 'City of Amity',36);
INSERT INTO district (level_id, state, name, election_div_id) VALUES ('M', 'OR', 'City of Hines',13);
INSERT INTO district (level_id, state, name, election_div_id) VALUES ('M', 'OR', 'City of Pilot Rock',30);
INSERT INTO district (level_id, state, name, election_div_id) VALUES ('M', 'OR', 'City of Gearhart',4);
INSERT INTO district (level_id, state, name, election_div_id) VALUES ('M', 'OR', 'City of Depoe Bay',21);
INSERT INTO district (level_id, state, name, election_div_id) VALUES ('M', 'OR', 'City of Millersburg',22);
INSERT INTO district (level_id, state, name, election_div_id) VALUES ('M', 'OR', 'City of Culver',16);
INSERT INTO district (level_id, state, name, election_div_id) VALUES ('M', 'OR', 'City of Durham',34);
INSERT INTO district (level_id, state, name, election_div_id) VALUES ('M', 'OR', 'City of Rockaway Beach',29);
INSERT INTO district (level_id, state, name, election_div_id) VALUES ('M', 'OR', 'City of Dunes City',20);
INSERT INTO district (level_id, state, name, election_div_id) VALUES ('M', 'OR', 'City of Bay City',29);
INSERT INTO district (level_id, state, name, election_div_id) VALUES ('M', 'OR', 'City of Heppner',25);
INSERT INTO district (level_id, state, name, election_div_id) VALUES ('M', 'OR', 'City of Gold Hill',15);
INSERT INTO district (level_id, state, name, election_div_id) VALUES ('M', 'OR', 'City of Siletz',21);
INSERT INTO district (level_id, state, name, election_div_id) VALUES ('M', 'OR', 'City of Riddle',10);
INSERT INTO district (level_id, state, name, election_div_id) VALUES ('M', 'OR', 'City of Tangent',22);
INSERT INTO district (level_id, state, name, election_div_id) VALUES ('M', 'OR', 'City of Cascade Locks',14);
INSERT INTO district (level_id, state, name, election_div_id) VALUES ('M', 'OR', 'City of Lyons',22);
INSERT INTO district (level_id, state, name, election_div_id) VALUES ('M', 'OR', 'City of Drain',10);
INSERT INTO district (level_id, state, name, election_div_id) VALUES ('M', 'OR', 'City of Port Orford',8);
INSERT INTO district (level_id, state, name, election_div_id) VALUES ('M', 'OR', 'City of Athena',30);
INSERT INTO district (level_id, state, name, election_div_id) VALUES ('M', 'OR', 'City of Joseph',32);
INSERT INTO district (level_id, state, name, election_div_id) VALUES ('M', 'OR', 'City of Yoncalla',10);
INSERT INTO district (level_id, state, name, election_div_id) VALUES ('M', 'OR', 'City of Lowell',20);
INSERT INTO district (level_id, state, name, election_div_id) VALUES ('M', 'OR', 'City of Coburg',20);
INSERT INTO district (level_id, state, name, election_div_id) VALUES ('M', 'OR', 'City of Yamhill',36);
INSERT INTO district (level_id, state, name, election_div_id) VALUES ('M', 'OR', 'City of Island City',31);
INSERT INTO district (level_id, state, name, election_div_id) VALUES ('M', 'OR', 'City of Donald',24);
INSERT INTO district (level_id, state, name, election_div_id) VALUES ('M', 'OR', 'City of Falls City',27);
INSERT INTO district (level_id, state, name, election_div_id) VALUES ('M', 'OR', 'City of Oakland',10);
INSERT INTO district (level_id, state, name, election_div_id) VALUES ('M', 'OR', 'City of Aurora',24);
INSERT INTO district (level_id, state, name, election_div_id) VALUES ('M', 'OR', 'City of Halsey',22);
INSERT INTO district (level_id, state, name, election_div_id) VALUES ('M', 'OR', 'City of Prairie City',12);
INSERT INTO district (level_id, state, name, election_div_id) VALUES ('M', 'OR', 'City of Glendale',10);
INSERT INTO district (level_id, state, name, election_div_id) VALUES ('M', 'OR', 'City of Merrill',18);
INSERT INTO district (level_id, state, name, election_div_id) VALUES ('M', 'OR', 'City of Adair Village',2);
INSERT INTO district (level_id, state, name, election_div_id) VALUES ('M', 'OR', 'City of Scio',22);
INSERT INTO district (level_id, state, name, election_div_id) VALUES ('M', 'OR', 'City of Wallowa',32);
INSERT INTO district (level_id, state, name, election_div_id) VALUES ('M', 'OR', 'City of Malin',18);
INSERT INTO district (level_id, state, name, election_div_id) VALUES ('M', 'OR', 'City of Garibaldi',29);
INSERT INTO district (level_id, state, name, election_div_id) VALUES ('M', 'OR', 'City of Maywood Park',26);
INSERT INTO district (level_id, state, name, election_div_id) VALUES ('M', 'OR', 'City of Chiloquin',18);
INSERT INTO district (level_id, state, name, election_div_id) VALUES ('M', 'OR', 'City of Metolius',16);
INSERT INTO district (level_id, state, name, election_div_id) VALUES ('M', 'OR', 'City of Canyon City',12);
INSERT INTO district (level_id, state, name, election_div_id) VALUES ('M', 'OR', 'City of Yachats',21);
INSERT INTO district (level_id, state, name, election_div_id) VALUES ('M', 'OR', 'City of Echo',30);
INSERT INTO district (level_id, state, name, election_div_id) VALUES ('M', 'OR', 'City of Powers',6);
INSERT INTO district (level_id, state, name, election_div_id) VALUES ('M', 'OR', 'City of Condon',11);
INSERT INTO district (level_id, state, name, election_div_id) VALUES ('M', 'OR', 'City of Weston',30);
INSERT INTO district (level_id, state, name, election_div_id) VALUES ('M', 'OR', 'City of Gaston',34);
INSERT INTO district (level_id, state, name, election_div_id) VALUES ('M', 'OR', 'City of Monroe',2);
INSERT INTO district (level_id, state, name, election_div_id) VALUES ('M', 'OR', 'City of Dufur',33);
INSERT INTO district (level_id, state, name, election_div_id) VALUES ('M', 'OR', 'City of Manzanita',29);
INSERT INTO district (level_id, state, name, election_div_id) VALUES ('M', 'OR', 'City of Arlington',11);
INSERT INTO district (level_id, state, name, election_div_id) VALUES ('M', 'OR', 'City of Johnson City',3);
INSERT INTO district (level_id, state, name, election_div_id) VALUES ('M', 'OR', 'City of Cove',31);
INSERT INTO district (level_id, state, name, election_div_id) VALUES ('M', 'OR', 'City of Mount Vernon',12);
INSERT INTO district (level_id, state, name, election_div_id) VALUES ('M', 'OR', 'City of Fossil',35);
INSERT INTO district (level_id, state, name, election_div_id) VALUES ('M', 'OR', 'City of Gates',24);
INSERT INTO district (level_id, state, name, election_div_id) VALUES ('M', 'OR', 'City of Bonanza',18);
INSERT INTO district (level_id, state, name, election_div_id) VALUES ('M', 'OR', 'City of North Powder',31);
INSERT INTO district (level_id, state, name, election_div_id) VALUES ('M', 'OR', 'City of Huntington',1);
INSERT INTO district (level_id, state, name, election_div_id) VALUES ('M', 'OR', 'City of Mosier',33);
INSERT INTO district (level_id, state, name, election_div_id) VALUES ('M', 'OR', 'City of Butte Falls',15);
INSERT INTO district (level_id, state, name, election_div_id) VALUES ('M', 'OR', 'City of St. Paul',24);
INSERT INTO district (level_id, state, name, election_div_id) VALUES ('M', 'OR', 'City of Maupin',33);
INSERT INTO district (level_id, state, name, election_div_id) VALUES ('M', 'OR', 'City of Haines',1);
INSERT INTO district (level_id, state, name, election_div_id) VALUES ('M', 'OR', 'City of Wheeler',29);
INSERT INTO district (level_id, state, name, election_div_id) VALUES ('M', 'OR', 'City of Wasco',28);
INSERT INTO district (level_id, state, name, election_div_id) VALUES ('M', 'OR', 'City of Rivergrove',3);
INSERT INTO district (level_id, state, name, election_div_id) VALUES ('M', 'OR', 'City of Adams',30);
INSERT INTO district (level_id, state, name, election_div_id) VALUES ('M', 'OR', 'City of Scotts Mills',24);
INSERT INTO district (level_id, state, name, election_div_id) VALUES ('M', 'OR', 'City of Ione',25);
INSERT INTO district (level_id, state, name, election_div_id) VALUES ('M', 'OR', 'City of Moro',28);
INSERT INTO district (level_id, state, name, election_div_id) VALUES ('M', 'OR', 'City of Sodaville',22);
INSERT INTO district (level_id, state, name, election_div_id) VALUES ('M', 'OR', 'City of Imbler',31);
INSERT INTO district (level_id, state, name, election_div_id) VALUES ('M', 'OR', 'City of Halfway',1);
INSERT INTO district (level_id, state, name, election_div_id) VALUES ('M', 'OR', 'City of Nehalem',29);
INSERT INTO district (level_id, state, name, election_div_id) VALUES ('M', 'OR', 'City of Westfir',20);
INSERT INTO district (level_id, state, name, election_div_id) VALUES ('M', 'OR', 'City of Rufus',28);
INSERT INTO district (level_id, state, name, election_div_id) VALUES ('M', 'OR', 'City of Paisley',19);
INSERT INTO district (level_id, state, name, election_div_id) VALUES ('M', 'OR', 'City of Lexington',25);
INSERT INTO district (level_id, state, name, election_div_id) VALUES ('M', 'OR', 'City of Waterloo',22);
INSERT INTO district (level_id, state, name, election_div_id) VALUES ('M', 'OR', 'City of Ukiah',30);
INSERT INTO district (level_id, state, name, election_div_id) VALUES ('M', 'OR', 'City of Lostine',32);
INSERT INTO district (level_id, state, name, election_div_id) VALUES ('M', 'OR', 'City of Sumpter',1);
INSERT INTO district (level_id, state, name, election_div_id) VALUES ('M', 'OR', 'City of Detroit',24);
INSERT INTO district (level_id, state, name, election_div_id) VALUES ('M', 'OR', 'City of Seneca',12);
INSERT INTO district (level_id, state, name, election_div_id) VALUES ('M', 'OR', 'City of Long Creek',12);
INSERT INTO district (level_id, state, name, election_div_id) VALUES ('M', 'OR', 'City of Elkton',10);
INSERT INTO district (level_id, state, name, election_div_id) VALUES ('M', 'OR', 'City of Helix',30);
INSERT INTO district (level_id, state, name, election_div_id) VALUES ('M', 'OR', 'City of Jordan Valley',23);
INSERT INTO district (level_id, state, name, election_div_id) VALUES ('M', 'OR', 'City of Adrian',23);
INSERT INTO district (level_id, state, name, election_div_id) VALUES ('M', 'OR', 'City of Grass Valley',28);
INSERT INTO district (level_id, state, name, election_div_id) VALUES ('M', 'OR', 'City of Spray',35);
INSERT INTO district (level_id, state, name, election_div_id) VALUES ('M', 'OR', 'City of Richland',1);
INSERT INTO district (level_id, state, name, election_div_id) VALUES ('M', 'OR', 'City of Dayville',12);
INSERT INTO district (level_id, state, name, election_div_id) VALUES ('M', 'OR', 'City of Barlow',3);
INSERT INTO district (level_id, state, name, election_div_id) VALUES ('M', 'OR', 'City of Summerville',31);
INSERT INTO district (level_id, state, name, election_div_id) VALUES ('M', 'OR', 'City of Idanha',24);
INSERT INTO district (level_id, state, name, election_div_id) VALUES ('M', 'OR', 'City of Mitchell',35);
INSERT INTO district (level_id, state, name, election_div_id) VALUES ('M', 'OR', 'City of Monument',12);
INSERT INTO district (level_id, state, name, election_div_id) VALUES ('M', 'OR', 'City of Unity',1);
INSERT INTO district (level_id, state, name, election_div_id) VALUES ('M', 'OR', 'City of Prescott',5);
INSERT INTO district (level_id, state, name, election_div_id) VALUES ('M', 'OR', 'City of Antelope',33);
INSERT INTO district (level_id, state, name, election_div_id) VALUES ('M', 'OR', 'City of Granite',12);
INSERT INTO district (level_id, state, name, election_div_id) VALUES ('M', 'OR', 'City of Shaniko',33);
INSERT INTO district (level_id, state, name, election_div_id) VALUES ('M', 'OR', 'City of Lonerock',11);
INSERT INTO district (level_id, state, name, election_div_id) VALUES ('M', 'OR', 'City of Greenhorn',1);
